{
  "model": {
    "weights": [
      1.547379903514872,
      0,
      0,
      0,
      0,
      0,
      0.33889412383975487,
      0,
      -2.32332335392682,
      7.080839180375221,
      1.1756368987602661,
      -0.1522656405517846,
      0,
      0,
      0,
      0,
      0.8802867927597389,
      -3.1408502362588644,
      -2.84550013025833,
      0,
      -2.0208055440070622,
      0,
      1.9818250248449145,
      0.25257708097222487,
      2.25576968118839,
      1.3928299715869585,
      -2.582693854788429,
      -5.801719769765207,
      0,
      0,
      0.7623624430605126,
      0,
      0,
      0,
      0,
      0,
      0,
      0,
      0.286762585079669,
      0,
      -1.801916989289657,
      0.08602877552390127,
      0,
      6.119781208496583,
      1.0199635347494285,
      0,
      1.547379903514872,
      0,
      0.1016682371519269,
      1.547379903514872,
      0
    ],
    "bias": 49.903785348923634,
    "featureNames": [
      "stars",
      "forks",
      "openIssues",
      "fileCount",
      "codeFileCount",
      "hasLicense",
      "hasDescription",
      "hasTopics",
      "hasReadme",
      "hasTests",
      "hasCI",
      "hasDocker",
      "hasConfig",
      "starsForksRatio",
      "starsPerFile",
      "forksPerFile",
      "testsAndCI",
      "testsAndDocker",
      "ciAndDocker",
      "readmeAndLicense",
      "readmeAndDescription",
      "descriptionAndTopics",
      "codeQualityScore",
      "languageCount",
      "hasTypeScript",
      "hasJavaScript",
      "hasPython",
      "hasRust",
      "hasGo",
      "hasJava",
      "hasMultipleLanguages",
      "primaryTypeScript",
      "primaryJavaScript",
      "primaryPython",
      "primaryRust",
      "primaryGo",
      "primaryJava",
      "isMonorepo",
      "isMicroservice",
      "isLibrary",
      "isApp",
      "complexityScore",
      "codeFileRatio",
      "qualityIndicatorsCount",
      "qualityIndicatorsRatio",
      "hasAllQualityIndicators",
      "totalEngagement",
      "engagementPerIssue",
      "communityHealth",
      "hasCommunity",
      "isPopular"
    ],
    "version": "2.0.0",
    "timestamp": "2026-01-05T14:41:16.652Z"
  },
  "metrics": {
    "r2": 0.8411090672740489,
    "mae": 3.811650923715176,
    "rmse": 5.052999118091296
  },
  "featureNames": [
    "stars",
    "forks",
    "openIssues",
    "fileCount",
    "codeFileCount",
    "hasLicense",
    "hasDescription",
    "hasTopics",
    "hasReadme",
    "hasTests",
    "hasCI",
    "hasDocker",
    "hasConfig",
    "starsForksRatio",
    "starsPerFile",
    "forksPerFile",
    "testsAndCI",
    "testsAndDocker",
    "ciAndDocker",
    "readmeAndLicense",
    "readmeAndDescription",
    "descriptionAndTopics",
    "codeQualityScore",
    "languageCount",
    "hasTypeScript",
    "hasJavaScript",
    "hasPython",
    "hasRust",
    "hasGo",
    "hasJava",
    "hasMultipleLanguages",
    "primaryTypeScript",
    "primaryJavaScript",
    "primaryPython",
    "primaryRust",
    "primaryGo",
    "primaryJava",
    "isMonorepo",
    "isMicroservice",
    "isLibrary",
    "isApp",
    "complexityScore",
    "codeFileRatio",
    "qualityIndicatorsCount",
    "qualityIndicatorsRatio",
    "hasAllQualityIndicators",
    "totalEngagement",
    "engagementPerIssue",
    "communityHealth",
    "hasCommunity",
    "isPopular"
  ],
  "trainingSize": 56
}