{"learner":{"attributes":{"best_iteration":"0","best_score":"0.11714484108294596"},"feature_names":[],"feature_types":[],"gradient_booster":{"model":{"gbtree_model_param":{"num_parallel_tree":"1","num_trees":"11"},"iteration_indptr":[0,1,2,3,4,5,6,7,8,9,10,11],"tree_info":[0,0,0,0,0,0,0,0,0,0,0],"trees":[{"base_weights":[1.9552505E-3,5.759767E-3,-5.9131447E-2,1.6714245E-2,-9.031786E-3,-0E0,-1.4140668E-2,-0E0,3.4260146E-2,-1.2571156E-2,-1.9136944E-3,2.4781795E-3,-1.4740009E-2,1.4886905E-3,-7.982819E-4,3.862337E-3,-3.7838903E-3,-3.2243151E-3,4.9520086E-4,-1.648078E-3,-0E0],"categories":[],"categories_nodes":[],"categories_segments":[],"categories_sizes":[],"default_left":[0,0,0,0,0,0,0,0,0,0,0,0,0,0,0,0,0,0,0,0,0],"id":0,"left_children":[1,3,5,7,9,11,-1,13,15,-1,17,-1,19,-1,-1,-1,-1,-1,-1,-1,-1],"loss_changes":[7.0124425E-2,5.0658025E-2,8.877964E-2,5.3451996E-2,9.277011E-2,5.007264E-3,0E0,1.1185485E-2,3.0111343E-2,0E0,2.8477166E-2,0E0,1.3599556E-4,0E0,0E0,0E0,0E0,0E0,0E0,0E0,0E0],"parents":[2147483647,0,0,1,1,2,2,3,3,4,4,5,5,7,7,8,8,10,10,12,12],"right_children":[2,4,6,8,10,12,-1,14,16,-1,18,-1,20,-1,-1,-1,-1,-1,-1,-1,-1],"split_conditions":[6.04E3,2.91E2,6.1434E4,5E1,1.6453506E0,3.54E2,-1.4140668E-2,1.1E1,5.309E4,-1.2571156E-2,2.6254125E0,2.4781795E-3,3.516E3,1.4886905E-3,-7.982819E-4,3.862337E-3,-3.7838903E-3,-3.2243151E-3,4.9520086E-4,-1.648078E-3,-0E0],"split_indices":[22,21,23,22,25,10,0,22,10,0,24,0,1,0,0,0,0,0,0,0,0],"split_type":[0,0,0,0,0,0,0,0,0,0,0,0,0,0,0,0,0,0,0,0,0],"sum_hessian":[3.21E2,3.05E2,1.6E1,1.79E2,1.26E2,1E1,6E0,9.2E1,8.7E1,5E0,1.21E2,4E0,6E0,3.1E1,6.1E1,8.4E1,3E0,2.4E1,9.7E1,5E0,1E0],"tree_param":{"num_deleted":"0","num_feature":"28","num_nodes":"21","size_leaf_vector":"1"}},{"base_weights":[-5.1196744E-3,-6.116369E-5,-4.5932237E-2,9.299167E-3,-2.0620862E-2,-8.657226E-2,-0E0,-6.234813E-3,2.0601928E-2,-4.931466E-2,1.5577889E-2,-1.1331546E-2,-3.8945436E-4,-1.7097617E-2,3.0265888E-3,1.2496042E-4,-3.0815566E-3,8.544121E-4,3.8658485E-3,1.3720827E-3,-8.752497E-3,4.3277494E-3,-1.5465757E-3,-0E0,-2.600099E-3],"categories":[],"categories_nodes":[],"categories_segments":[],"categories_sizes":[],"default_left":[0,0,0,0,0,0,0,0,0,0,0,0,0,0,0,0,0,0,0,0,0,0,0,0,0],"id":1,"left_children":[1,3,5,7,9,11,13,15,17,19,21,-1,-1,23,-1,-1,-1,-1,-1,-1,-1,-1,-1,-1,-1],"loss_changes":[6.0325213E-2,5.597813E-2,5.509595E-2,3.5427928E-2,1.0060387E-1,2.4099618E-2,8.984566E-3,1.7456207E-2,1.993123E-2,1.3804214E-1,3.8610965E-2,0E0,0E0,3.8281572E-3,0E0,0E0,0E0,0E0,0E0,0E0,0E0,0E0,0E0,0E0,0E0],"parents":[2147483647,0,0,1,1,2,2,3,3,4,4,5,5,6,6,7,7,8,8,9,9,10,10,13,13],"right_children":[2,4,6,8,10,12,14,16,18,20,22,-1,-1,24,-1,-1,-1,-1,-1,-1,-1,-1,-1,-1,-1],"split_conditions":[5.596E3,3.321E3,3.2341886E0,5E1,4.13E3,1.615E3,6.9644547E-1,1.6E1,5.808702E-1,2.816E3,4.316E3,-1.1331546E-2,-3.8945436E-4,9.4E1,3.0265888E-3,1.2496042E-4,-3.0815566E-3,8.544121E-4,3.8658485E-3,1.3720827E-3,-8.752497E-3,4.3277494E-3,-1.5465757E-3,-0E0,-2.600099E-3],"split_indices":[22,1,24,22,22,1,2,22,2,22,22,0,0,1,0,0,0,0,0,0,0,0,0,0,0],"split_type":[0,0,0,0,0,0,0,0,0,0,0,0,0,0,0,0,0,0,0,0,0,0,0,0,0],"sum_hessian":[3.13E2,2.82E2,3.1E1,1.91E2,9.1E1,1.5E1,1.6E1,7.7E1,1.14E2,5.2E1,3.9E1,1E1,5E0,1.2E1,4E0,5.7E1,2E1,7.3E1,4.1E1,1.9E1,3.3E1,2.2E1,1.7E1,2E0,1E1],"tree_param":{"num_deleted":"0","num_feature":"28","num_nodes":"25","size_leaf_vector":"1"}},{"base_weights":[-0E0,1.7472317E-2,-1.4094397E-2,2.3647925E-2,-1.7855681E-2,-8.782752E-3,-1.5190089E-2,1.1533998E-2,4.1836612E-2,4.1773333E-3,-7.3481086E-3,-3.2628104E-3,-9.839883E-2,3.6978237E-3,-1.1868291E-3,-3.626132E-4,5.2841245E-3,-0E0,-3.3521652E-3,-1.515016E-2,-0E0],"categories":[],"categories_nodes":[],"categories_segments":[],"categories_sizes":[],"default_left":[0,0,0,0,0,0,0,0,0,0,0,0,0,0,0,0,0,0,0,0,0],"id":2,"left_children":[1,3,5,7,9,11,-1,13,15,-1,-1,17,19,-1,-1,-1,-1,-1,-1,-1,-1],"loss_changes":[7.686891E-2,3.2083917E-2,1.06000945E-1,2.1150663E-2,7.245442E-2,7.1221046E-2,0E0,5.050785E-2,2.7972616E-2,0E0,0E0,1.7977392E-2,4.394023E-2,0E0,0E0,0E0,0E0,0E0,0E0,0E0,0E0],"parents":[2147483647,0,0,1,1,2,2,3,3,4,4,5,5,7,7,8,8,11,11,12,12],"right_children":[2,4,6,8,10,12,-1,14,16,-1,-1,18,20,-1,-1,-1,-1,-1,-1,-1,-1],"split_conditions":[1.362E3,5.195E3,3.8916462E1,2.06E2,2.03E2,4.860909E2,-1.5190089E-2,1E0,3.836705E-1,4.1773333E-3,-7.3481086E-3,1.37032E5,2.4868E4,3.6978237E-3,-1.1868291E-3,-3.626132E-4,5.2841245E-3,-0E0,-3.3521652E-3,-1.515016E-2,-0E0],"split_indices":[26,22,25,26,21,9,0,12,2,0,0,23,23,0,0,0,0,0,0,0,0],"split_type":[0,0,0,0,0,0,0,0,0,0,0,0,0,0,0,0,0,0,0,0,0],"sum_hessian":[3.08E2,1.4E2,1.68E2,1.22E2,1.8E1,1.64E2,4E0,7.8E1,4.4E1,8E0,1E1,1.57E2,7E0,3.9E1,3.9E1,7E0,3.7E1,1.41E2,1.6E1,4E0,3E0],"tree_param":{"num_deleted":"0","num_feature":"28","num_nodes":"21","size_leaf_vector":"1"}},{"base_weights":[-0E0,2.5698524E-3,-4.3017745E-2,4.724048E-3,-4.5547083E-2,-0E0,-1.1201363E-2,8.7602023E-4,3.0703241E-2,-0E0,-4.8640124E-3,3.897847E-3,-2.7878152E-2,8.8413403E-4,-1.2788133E-3,-6.806336E-4,4.7601196E-3,-3.2040186E-3,-0E0],"categories":[],"categories_nodes":[],"categories_segments":[],"categories_sizes":[],"default_left":[0,0,0,0,0,0,0,0,0,0,0,0,0,0,0,0,0,0,0],"id":3,"left_children":[1,3,5,7,9,11,-1,13,15,-1,-1,-1,17,-1,-1,-1,-1,-1,-1],"loss_changes":[3.629193E-2,2.8528448E-2,5.9868157E-2,2.6942277E-2,9.843726E-4,1.5704522E-2,0E0,2.8889446E-2,2.7066614E-2,0E0,0E0,0E0,8.437927E-4,0E0,0E0,0E0,0E0,0E0,0E0],"parents":[2147483647,0,0,1,1,2,2,3,3,4,4,5,5,7,7,8,8,12,12],"right_children":[2,4,6,8,10,12,-1,14,16,-1,-1,-1,18,-1,-1,-1,-1,-1,-1],"split_conditions":[6.04E3,8.4076434E-1,6.1434E4,4.159568E1,3.436E3,4.13E2,-1.1201363E-2,3.7904074E0,9.3E1,-0E0,-4.8640124E-3,3.897847E-3,3.516E3,8.8413403E-4,-1.2788133E-3,-6.806336E-4,4.7601196E-3,-3.2040186E-3,-0E0],"split_indices":[22,2,23,25,22,10,0,24,1,0,0,0,1,0,0,0,0,0,0],"split_type":[0,0,0,0,0,0,0,0,0,0,0,0,0,0,0,0,0,0,0],"sum_hessian":[3.27E2,3.1E2,1.7E1,3E2,1E1,1.1E1,6E0,2.66E2,3.4E1,1E0,9E0,5E0,6E0,1.73E2,9.3E1,9E0,2.5E1,5E0,1E0],"tree_param":{"num_deleted":"0","num_feature":"28","num_nodes":"19","size_leaf_vector":"1"}},{"base_weights":[-7.7006797E-4,1.3403995E-2,-1.1444241E-2,8.3530545E-3,6.47413E-3,-6.5037278E-3,-1.0664187E-1,1.3198923E-2,-4.492574E-2,-3.3353004E-3,-1.1201911E-2,-1.3631532E-2,-1.2604825E-3,1.1693872E-4,3.1997797E-3,-0E0,-6.0331314E-3,-7.269498E-4,5.3374656E-3],"categories":[],"categories_nodes":[],"categories_segments":[],"categories_sizes":[],"default_left":[0,0,0,0,0,0,0,0,0,0,0,0,0,0,0,0,0,0,0],"id":4,"left_children":[1,3,5,7,-1,9,11,13,15,17,-1,-1,-1,-1,-1,-1,-1,-1,-1],"loss_changes":[5.0340172E-2,2.8051967E-2,7.912334E-2,3.140954E-2,0E0,5.0588716E-2,6.2490627E-3,2.4329515E-2,1.17648095E-2,3.713495E-2,0E0,0E0,0E0,0E0,0E0,0E0,0E0,0E0,0E0],"parents":[2147483647,0,0,1,1,2,2,3,3,5,5,6,6,7,7,8,8,9,9],"right_children":[2,4,6,8,-1,10,12,14,16,18,-1,-1,-1,-1,-1,-1,-1,-1,-1],"split_conditions":[4.66E2,7.9136365E2,3.8916462E1,5.794E3,6.47413E-3,1.5925245E3,5.6791174E-1,2.72E2,9.4E1,3.556854E2,-1.1201911E-2,-1.3631532E-2,-1.2604825E-3,1.1693872E-4,3.1997797E-3,-0E0,-6.0331314E-3,-7.269498E-4,5.3374656E-3],"split_indices":[1,9,25,22,0,9,2,22,1,9,0,0,0,0,0,0,0,0,0],"split_type":[0,0,0,0,0,0,0,0,0,0,0,0,0,0,0,0,0,0,0],"sum_hessian":[3.31E2,1.38E2,1.93E2,1.29E2,9E0,1.86E2,7E0,1.21E2,8E0,1.83E2,3E0,4E0,3E0,7.8E1,4.3E1,1E0,7E0,1.74E2,9E0],"tree_param":{"num_deleted":"0","num_feature":"28","num_nodes":"19","size_leaf_vector":"1"}},{"base_weights":[-3.683318E-3,8.677393E-3,-1.3388446E-2,-1.0984145E-2,1.6863314E-2,-9.07302E-2,-6.4717988E-3,2.2437524E-3,-7.1387733E-3,-2.5207563E-3,3.5511114E-2,-0E0,-9.744631E-2,-3.701871E-3,-1.6036157E-2,-6.13203E-5,1.6236438E-3,-1.8245968E-3,7.99011E-4,6.4994805E-3,1.394492E-3,-1.2822275E-2,-1.9327983E-3,3.665112E-3,-8.909162E-4],"categories":[],"categories_nodes":[],"categories_segments":[],"categories_sizes":[],"default_left":[0,0,0,0,0,0,0,0,0,0,0,0,0,0,0,0,0,0,0,0,0,0,0,0,0],"id":5,