{
  "algorithm": "xgboost",
  "metrics": {
    "r2_train": 0.5493011406780874,
    "r2_test": -0.17620680479251694,
    "r2": -0.17620680479251694,
    "r2_cv_mean": -0.14841154747294447,
    "r2_cv_std": 0.096597177503315,
    "mae": 0.10376576582590737,
    "rmse": 0.1292468584568046
  },
  "feature_names": [
    "blankLines",
    "codeFileCount",
    "codeFileRatio",
    "codeLines",
    "codeQualityScore",
    "commentLines",
    "communityHealth",
    "daysSincePush",
    "daysSinceUpdate",
    "engagementPerIssue",
    "fileCount",
    "forks",
    "hasCI",
    "hasConfig",
    "hasDescription",
    "hasDocker",
    "hasLicense",
    "hasReadme",
    "hasTests",
    "hasTopics",
    "isActive",
    "openIssues",
    "repoAgeDays",
    "stars",
    "starsForksRatio",
    "starsPerFile",
    "totalFiles",
    "totalLines"
  ],
  "feature_importance": [
    [
      "hasReadme",
      0.10663023591041565
    ],
    [
      "daysSincePush",
      0.08909424394369125
    ],
    [
      "forks",
      0.05996832251548767
    ],
    [
      "fileCount",
      0.049266085028648376
    ],
    [
      "openIssues",
      0.040326427668333054
    ],
    [
      "stars",
      0.03765300288796425
    ],
    [
      "repoAgeDays",
      0.03709001466631889
    ],
    [
      "starsPerFile",
      0.036348868161439896
    ],
    [
      "codeFileRatio",
      0.03331397473812103
    ],
    [
      "engagementPerIssue",
      0.032558541744947433
    ],
    [
      "starsForksRatio",
      0.028814513236284256
    ],
    [
      "hasDocker",
      0.027826841920614243
    ],
    [
      "codeFileCount",
      0.019702261313796043
    ],
    [
      "hasDescription",
      0.016893193125724792
    ],
    [
      "hasLicense",
      0.0006411320064216852
    ],
    [
      "blankLines",
      0
    ],
    [
      "codeLines",
      0
    ],
    [
      "codeQualityScore",
      0
    ],
    [
      "commentLines",
      0
    ],
    [
      "communityHealth",
      0
    ]
  ],
  "trainedAt": "2026-01-08T23:12:45.910978"
}